<?xml version="1.0" encoding="UTF-8" standalone="yes"?>
<addon id="plugin.video.tugamovies" name="[COLOR blue]TV[/COLOR][COLOR yellow]BOX[/COLOR][COLOR red]ALEX[/COLOR][COLOR white] FILMES[/COLOR]" version="1.0.8" provider-name="Alex">
  <requires>
    <import addon="xbmc.python" version="2.1.0"/>
	<import addon="script.module.requests"/>
  </requires>
  <extension point="xbmc.python.pluginsource" library="addon.py">
    <provides>video</provides>
  </extension>
  <extension point="xbmc.addon.metadata">
    <language>en</language>
    <platform>all</platform>
    <summary lang="en">Tv Box Alex - Filmes</summary>
    <description lang="en">Addon exclusivo para os clientes TvBoxAlex.</description>
    <platform>all</platform>
  </extension>
</addon>
