<?xml version="1.0" encoding="UTF-8" standalone="yes"?>
<addon id="plugin.program.maniac" name="[COLOR red][B] Team[/B] ManiaC[/COLOR]" version="1.0.1" provider-name="[COLOR blue][B]AMO[/B][/COLOR][COLOR green]box[/COLOR]">
  <requires>
    <import addon="xbmc.python" version="2.1.0"/>
	<import addon="script.module.addon.common" />
	<import addon="plugin.program.amoboxnotifications" />
  </requires>
  <extension point="xbmc.python.pluginsource" library="default.py">
        <provides>executable</provides>
  </extension>
  <extension point="xbmc.addon.metadata">
    <summary lang="en">[COLOR red][B]Team[/B] ManiaC[/COLOR] Wizard</summary>
    <description lang="en">[COLOR red][B]Team[/B] ManiaC[/COLOR] Wizard provides easy access to [COLOR red][B]Team[/B] ManiaC[/COLOR] Builds, Maintenance Tools and [COLOR yellow]APK Store[/COLOR].</description>
    <platform>all</platform>
  </extension>
</addon>
