<?xml version="1.0" encoding="UTF-8" standalone="yes"?>
<addon id="plugin.video.tvboxalex" name="[B][COLOR green]TV BOX [/COLOR][/B][B][COLOR yellow]ALEX [/COLOR][/B][B][COLOR blue]BUILD[/COLOR][/B]" version="[B][COLOR red]0.0.4[/COLOR][/B]" provider-name="[B][COLOR blue]Alex[/COLOR][/B]">
  <requires>
    <import addon="xbmc.python" version="2.1.0"/>
  </requires>
  <extension point="xbmc.python.pluginsource" library="default.py">
        <provides>executable</provides>
  </extension>
  <extension point="xbmc.addon.metadata">
    <summary lang="en">Tv Box Alex BUILD</summary>
    <description lang="en">[B][COLOR green]TV BOX [/COLOR][/B][B][COLOR yellow]ALEX [/COLOR][/B] Wizard provides easy access to [COLOR red][B]TVBOX[/B] ALEX[/COLOR] Builds.</description>
    <platform>all</platform>
  </extension>
</addon>
