<?xml version="1.0" encoding="UTF-8" standalone="yes"?>
<addon id="plugin.video.tvalex" name="[COLOR blue]TV[/COLOR][COLOR yellow]BOX[/COLOR][COLOR red]ALEX[/COLOR][COLOR white]MASTER[/COLOR]" version="0.3.3" provider-name="[B][COLOR blue]ALEX[/COLOR][/B]">
	<requires>
    <import addon="xbmc.python" version="2.1.0"/>
	<import addon="script.module.beautifulsoup" version="3.2.1"/>
  </requires>
  <extension point="xbmc.python.pluginsource" library="addon.py">
    <provides>video</provides>
  </extension>
  <extension point="xbmc.addon.metadata">
    <language>Pt</language>
    <platform>all</platform>
    <summary lang="en">assista tv ao vivo com a TV_BOX_ALEX</summary>
    <description lang="en">O autor deste addon nao e responsavel pelo conteudo dos streams. Addon exclusivo para os clientes TvBoxAlex.</description>
    <platform>all</platform>
  </extension>
</addon>
