<?xml version="1.0" encoding="UTF-8" standalone="yes"?>
<addon id="plugin.video.tugamovies" name="[COLOR blue]TV[/COLOR][COLOR yellow]BOX[/COLOR][COLOR red]ALEX[/COLOR][COLOR white] FILMES[/COLOR]" version="1.0.12" provider-name="Alex">
 <requires>
  <import addon="xbmc.python" version="2.14.0"/>
  <import addon="script.module.beautifulsoup4" version="4.3.2"/>
  <import addon="script.module.t0mm0.common" version="1.0.0"/>
  </requires>
 <extension library="addon.py" point="xbmc.python.pluginsource">
  <provides>video</provides>
 </extension>
 <extension point="xbmc.addon.metadata">
    <summary lang="en">TVBOXALEX</summary>
    <description lang="en">Addon TVBOXALEX</description>
    <description lang="en">Filmes e series no Kodi. </description>
    <disclaimer lang="en">Como desenvolvedor do addon, nada tenho a haver com site. Limito-me a ler o seu conteúdo disponibilizado e converter em addon.</disclaimer>
    <language></language>
    <platform>all</platform>
    <license></license>
    <forum></forum>
    <website></website>
    <email></email>
    <source></source>
 </extension>
</addon>