<?xml version="1.0" encoding="UTF-8" standalone="yes"?>
<addon id="plugin.video.uktv" name="[COLOR blue]TV[/COLOR][COLOR yellow]BOX[/COLOR][COLOR red]ALEX[/COLOR][COLOR white]UKFREEVIEW[/COLOR]" version="1.0.0" provider-name="Alex">
  <requires>
    <import addon="xbmc.python" version="2.1.0" />
  </requires>
  <extension point="xbmc.python.pluginsource"
            library="default.py">
        <provides>video</provides>
  </extension>
  <extension point="xbmc.addon.metadata">
    <platform>all</platform>
    <summary>UK STREAM TELEVISIO FREEVIEW</summary>
    <description>Addon exclusivo para os clientes TvBoxAlex.</description>
  </extension>
</addon>
