<?xml version="1.0" encoding="UTF-8" standalone="yes"?>
<addon id="plugin.program.tvboxalex" name="[B][COLOR green]TV BOX [/COLOR][/B][B][COLOR yellow]ALEX [/COLOR][/B]PROGRAM[/COLOR][/B]" version="[B][COLOR red]0.0.1[/COLOR][/B]" provider-name="[B][COLOR blue]Alex[/COLOR][/B]">
  <requires>
    <import addon="xbmc.python" version="2.1.0"/>
	<import addon="script.module.addon.common" />
	</requires>
  <extension point="xbmc.python.pluginsource" library="default.py">
        <provides>executable</provides>
  </extension>
  <extension point="xbmc.addon.metadata">
    <summary>Tv Box Alex_Program</summary>
    <description lang="en">[B][COLOR green]TV BOX [/COLOR][/B][B][COLOR yellow]ALEX [/COLOR][/B] Wizard provides easy access to [COLOR red][B]TVBOX[/B] ALEX[/COLOR] Builds.</description>
    <platform>all</platform>
  </extension>
</addon>
